dorovib293@lassora.com:dorovib293@lassora.com0
cenidi3228@hartaria.com:cenidi3228@hartaria.com0
perose5817@jomspar.com:perose5817@jomspar.com0
goley70382@jomspar.com:goley70382@jomspar.com0
piraraw563@jomspar.com:piraraw563@jomspar.com0
lamova7424@jomspar.com:lamova7424@jomspar.com0
